time,id,action,limit,quantity,side
1631434609.231076,31,SUBMIT,180.1348624254851,1,SELL
